Country,T2M,PRECTOTCORR,RH2M,vulnerability_score
nigeria,26.735114602111768,3.6458356940509917,85.87258562966778,37.54957223796034
tanzania,26.802535527299927,2.939912739965096,76.99537023186238,34.701599102468215
kenya,20.450132932029092,1.1000351141208928,65.56877853022323,28.180697266114873
ethiopia,16.096770623742454,3.0166901408450704,68.31588531187123,27.83848088531187
sudan,28.793320079522864,0.3214686878727634,30.678091451292246,20.817196073558648
